year,month,contract,contract_name,state,measure,goal,four_star_thresh,provider_group_goal,members,den_ytd,num_ytd,den_rolling,num_rolling,den_proj,num_proj,num_proj_0,num_proj_1_19,num_proj_20_39,num_proj_40_59,num_proj_60_79,num_proj_80_99,num_proj_100
2015,10,H1234,Health Plan 1,AL,High Blood Pressure,0.81,0.79,0.83,3298,1,1,1,1,1,1,0,0,0,0,0,0,1
2015,10,H1234,Health Plan 1,AL,High Cholesterol,0.77,0.75,0.78,3298,1,1,1,1,1,1,0,0,0,0,0,0,1
2015,10,H1234,Health Plan 1,CA,High Cholesterol,0.77,0.75,0.78,3298,2,0,2,0,2,0,2,0,0,0,0,0,0
2015,10,H1234,Health Plan 1,FL,Diabetes,0.78,0.76,0.81,3298,1,1,1,1,1,1,0,0,0,0,0,0,1
2015,10,H1234,Health Plan 1,FL,High Blood Pressure,0.81,0.79,0.83,3298,3,3,3,2.76,3,2.76,0,0,0,0,0,2,1
2015,10,H1234,Health Plan 1,FL,High Cholesterol,0.77,0.75,0.78,3298,4,3,4,2.44,4,2.44,1,0,0,0,2,0,1
2015,10,H1234,Health Plan 1,GA,Diabetes,0.78,0.76,0.81,3298,448,347,448,344.63,448,344.63,75,3,12,12,20,63,263
2015,10,H1234,Health Plan 1,GA,High Blood Pressure,0.81,0.79,0.83,3298,1435,1176,1435,1153.5,1435,1153.5,194,11,33,34,58,220,885
2015,10,H1234,Health Plan 1,GA,High Cholesterol,0.77,0.75,0.78,3298,1377,1052,1377,1032.01,1377,1032.01,237,22,36,36,82,202,762
2015,10,H1234,Health Plan 1,IL,High Blood Pressure,0.81,0.79,0.83,3298,1,1,1,0.95,1,0.95,0,0,0,0,0,1,0
2015,10,H1234,Health Plan 1,NC,High Blood Pressure,0.81,0.79,0.83,3298,1,1,1,1,1,1,0,0,0,0,0,0,1
2015,10,H1234,Health Plan 1,NC,High Cholesterol,0.77,0.75,0.78,3298,1,1,1,1,1,1,0,0,0,0,0,0,1
2015,10,H1234,Health Plan 1,NY,High Blood Pressure,0.81,0.79,0.83,3298,1,1,1,1,1,1,0,0,0,0,0,0,1
2015,10,H2345,Health Plan 2,AR,High Blood Pressure,0.83,0.79,0.83,30419,1,1,1,1,1,1,0,0,0,0,0,0,1
2015,10,H2345,Health Plan 2,AR,High Cholesterol,0.8,0.75,0.78,30419,2,2,2,2,2,2,0,0,0,0,0,0,2
2015,10,H2345,Health Plan 2,AZ,High Blood Pressure,0.83,0.79,0.83,30419,18,18,18,16.93,18,16.93,0,0,0,0,2,4,12
2015,10,H2345,Health Plan 2,AZ,High Cholesterol,0.8,0.75,0.78,30419,20,16,20,13.95,20,13.95,4,0,0,0,4,7,5
2015,10,H2345,Health Plan 2,CA,Diabetes,0.82,0.76,0.81,30419,2,2,2,2,2,2,0,0,0,0,0,0,2
2015,10,H2345,Health Plan 2,CA,High Blood Pressure,0.83,0.79,0.83,30419,5,4,5,3.62,5,3.62,1,0,0,0,0,2,2
2015,10,H2345,Health Plan 2,CA,High Cholesterol,0.8,0.75,0.78,30419,4,4,4,3.88,4,3.88,0,0,0,0,0,2,2
2015,10,H2345,Health Plan 2,CO,Diabetes,0.82,0.76,0.81,30419,1,1,1,1,1,1,0,0,0,0,0,0,1
2015,10,H2345,Health Plan 2,CO,High Blood Pressure,0.83,0.79,0.83,30419,5,3,5,3,5,3,2,0,0,0,0,0,3
2015,10,H2345,Health Plan 2,CO,High Cholesterol,0.8,0.75,0.78,30419,5,3,5,3,5,3,2,0,0,0,0,0,3
2015,10,H2345,Health Plan 2,FL,Diabetes,0.82,0.76,0.81,30419,3,3,3,3,3,3,0,0,0,0,0,0,3
2015,10,H2345,Health Plan 2,FL,High Blood Pressure,0.83,0.79,0.83,30419,19,17,19,15.53,19,15.53,2,0,0,0,5,0,12
2015,10,H2345,Health Plan 2,FL,High Cholesterol,0.8,0.75,0.78,30419,9,6,9,6.21,9,6.21,2,0,1,0,0,0,6
2015,10,H2345,Health Plan 2,GA,High Cholesterol,0.8,0.75,0.78,30419,2,2,2,2,2,2,0,0,0,0,0,0,2
2015,10,H2345,Health Plan 2,HI,High Cholesterol,0.8,0.75,0.78,30419,2,2,2,2,2,2,0,0,0,0,0,0,2
2015,10,H2345,Health Plan 2,IA,Diabetes,0.82,0.76,0.81,30419,4094,3439,4094,3368.58,4094,3368.58,519,35,74,64,141,500,2761
2015,10,H2345,Health Plan 2,IA,High Blood Pressure,0.83,0.79,0.83,30419,13393,11481,13393,11235.65,13393,11235.65,1441,120,248,202,452,1974,8956
2015,10,H2345,Health Plan 2,IA,High Cholesterol,0.8,0.75,0.78,30419,14589,12155,14589,11882.35,14589,11882.35,1828,153,314,269,608,2174,9243
2015,10,H2345,Health Plan 2,ID,High Blood Pressure,0.83,0.79,0.83,30419,2,0,2,0,2,0,2,0,0,0,0,0,0
2015,10,H2345,Health Plan 2,IL,High Blood Pressure,0.83,0.79,0.83,30419,3,3,3,3,3,3,0,0,0,0,0,0,3
2015,10,H2345,Health Plan 2,IL,High Cholesterol,0.8,0.75,0.78,30419,5,5,5,4.91,5,4.91,0,0,0,0,0,1,4
2015,10,H2345,Health Plan 2,KS,Diabetes,0.82,0.76,0.81,30419,1,0,1,0,1,0,1,0,0,0,0,0,0
2015,10,H2345,Health Plan 2,KS,High Blood Pressure,0.83,0.79,0.83,30419,4,1,4,0.89,4,0.89,3,0,0,0,0,1,0
2015,10,H2345,Health Plan 2,KS,High Cholesterol,0.8,0.75,0.78,30419,2,0,2,0,2,0,2,0,0,0,0,0,0
2015,10,H2345,Health Plan 2,KY,High Blood Pressure,0.83,0.79,0.83,30419,2,0,2,0,2,0,2,0,0,0,0,0,0
2015,10,H2345,Health Plan 2,KY,High Cholesterol,0.8,0.75,0.78,30419,2,2,2,2,2,2,0,0,0,0,0,0,2
2015,10,H2345,Health Plan 2,MI,High Cholesterol,0.8,0.75,0.78,30419,2,2,2,2,2,2,0,0,0,0,0,0,2
2015,10,H2345,Health Plan 2,MN,High Cholesterol,0.8,0.75,0.78,30419,4,0,4,0,4,0,4,0,0,0,0,0,0
2015,10,H2345,Health Plan 2,MO,High Blood Pressure,0.83,0.79,0.83,30419,2,1,2,0.89,2,0.89,1,0,0,0,0,1,0
2015,10,H2345,Health Plan 2,MO,High Cholesterol,0.8,0.75,0.78,30419,9,9,9,6,9,6,0,0,2,0,6,0,1
2015,10,H2345,Health Plan 2,MS,High Blood Pressure,0.83,0.79,0.83,30419,2,2,2,1.82,2,1.82,0,0,0,0,0,2,0
2015,10,H2345,Health Plan 2,NC,Diabetes,0.82,0.76,0.81,30419,1,0,1,0,1,0,1,0,0,0,0,0,0
2015,10,H2345,Health Plan 2,NC,High Cholesterol,0.8,0.75,0.78,30419,2,2,2,2,2,2,0,0,0,0,0,0,2
2015,10,H2345,Health Plan 2,NE,Diabetes,0.82,0.76,0.81,30419,7,5,7,4.49,7,4.49,0,2,0,1,0,2,2
2015,10,H2345,Health Plan 2,NE,High Blood Pressure,0.83,0.79,0.83,30419,21,18,21,18.51,21,18.51,1,0,0,0,1,10,9
2015,10,H2345,Health Plan 2,NE,High Cholesterol,0.8,0.75,0.78,30419,16,8,16,8.09,16,8.09,7,0,0,1,0,3,5
2015,10,H2345,Health Plan 2,NV,High Blood Pressure,0.83,0.79,0.83,30419,1,1,1,1,1,1,0,0,0,0,0,0,1
2015,10,H2345,Health Plan 2,NV,High Cholesterol,0.8,0.75,0.78,30419,1,1,1,1,1,1,0,0,0,0,0,0,1
2015,10,H2345,Health Plan 2,OK,Diabetes,0.82,0.76,0.81,30419,1,0,1,0,1,0,1,0,0,0,0,0,0
2015,10,H2345,Health Plan 2,OK,High Blood Pressure,0.83,0.79,0.83,30419,1,1,1,1,1,1,0,0,0,0,0,0,1
2015,10,H2345,Health Plan 2,OK,High Cholesterol,0.8,0.75,0.78,30419,2,2,2,2,2,2,0,0,0,0,0,0,2
2015,10,H2345,Health Plan 2,RI,High Blood Pressure,0.83,0.79,0.83,30419,2,2,2,1.74,2,1.74,0,0,0,0,0,2,0
2015,10,H2345,Health Plan 2,SC,High Blood Pressure,0.83,0.79,0.83,30419,2,0,2,0,2,0,2,0,0,0,0,0,0
2015,10,H2345,Health Plan 2,SC,High Cholesterol,0.8,0.75,0.78,30419,1,1,1,0.73,1,0.73,0,0,0,0,1,0,0
2015,10,H2345,Health Plan 2,SD,Diabetes,0.82,0.76,0.81,30419,239,203,239,198.66,239,198.66,27,2,7,3,10,26,164
2015,10,H2345,Health Plan 2,SD,High Blood Pressure,0.83,0.79,0.83,30419,734,629,734,616.35,734,616.35,83,1,14,3,32,112,489
2015,10,H2345,Health Plan 2,SD,High Cholesterol,0.8,0.75,0.78,30419,739,646,739,622.02,739,622.02,75,10,10,14,25,115,490
2015,10,H2345,Health Plan 2,TN,Diabetes,0.82,0.76,0.81,30419,1,1,1,1,1,1,0,0,0,0,0,0,1
2015,10,H2345,Health Plan 2,TN,High Blood Pressure,0.83,0.79,0.83,30419,1,1,1,1,1,1,0,0,0,0,0,0,1
2015,10,H2345,Health Plan 2,TN,High Cholesterol,0.8,0.75,0.78,30419,1,1,1,1,1,1,0,0,0,0,0,0,1
2015,10,H2345,Health Plan 2,TX,Diabetes,0.82,0.76,0.81,30419,1,1,1,0.73,1,0.73,0,0,0,0,1,0,0
2015,10,H2345,Health Plan 2,TX,High Blood Pressure,0.83,0.79,0.83,30419,7,6,7,5.82,7,5.82,1,0,0,0,0,2,4
2015,10,H2345,Health Plan 2,TX,High Cholesterol,0.8,0.75,0.78,30419,12,9,12,8.6,12,8.6,3,0,0,0,0,4,5
2015,10,H2345,Health Plan 2,U,Diabetes,0.82,0.76,0.81,30419,3,3,3,3,3,3,0,0,0,0,0,0,3
2015,10,H2345,Health Plan 2,U,High Blood Pressure,0.83,0.79,0.83,30419,3,3,3,3,3,3,0,0,0,0,0,0,3
2015,10,H2345,Health Plan 2,U,High Cholesterol,0.8,0.75,0.78,30419,3,3,3,3,3,3,0,0,0,0,0,0,3
2015,10,H2345,Health Plan 2,WA,High Blood Pressure,0.83,0.79,0.83,30419,4,4,4,4,4,4,0,0,0,0,0,0,4
2015,10,H2345,Health Plan 2,WA,High Cholesterol,0.8,0.75,0.78,30419,2,2,2,2,2,2,0,0,0,0,0,0,2
2015,10,H2345,Health Plan 2,WI,High Blood Pressure,0.83,0.79,0.83,30419,3,3,3,3,3,3,0,0,0,0,0,0,3
2015,10,H2345,Health Plan 2,WI,High Cholesterol,0.8,0.75,0.78,30419,2,2,2,2,2,2,0,0,0,0,0,0,2
2015,10,H3456,Health Plan 3,AL,Diabetes,0.78,0.76,0.81,3487,1,1,1,1,1,1,0,0,0,0,0,0,1
2015,10,H3456,Health Plan 3,AL,High Cholesterol,0.77,0.75,0.78,3487,1,1,1,0.88,1,0.88,0,0,0,0,0,1,0
2015,10,H3456,Health Plan 3,AZ,Diabetes,0.78,0.76,0.81,3487,1,1,1,1,1,1,0,0,0,0,0,0,1
2015,10,H3456,Health Plan 3,AZ,High Blood Pressure,0.81,0.79,0.83,3487,1,1,1,0.91,1,0.91,0,0,0,0,0,1,0
2015,10,H3456,Health Plan 3,AZ,High Cholesterol,0.77,0.75,0.78,3487,1,1,1,0.91,1,0.91,0,0,0,0,0,1,0
2015,10,H3456,Health Plan 3,FL,Diabetes,0.78,0.76,0.81,3487,2,2,2,2,2,2,0,0,0,0,0,0,2
2015,10,H3456,Health Plan 3,FL,High Blood Pressure,0.81,0.79,0.83,3487,2,1,2,1,2,1,1,0,0,0,0,0,1
2015,10,H3456,Health Plan 3,FL,High Cholesterol,0.77,0.75,0.78,3487,1,1,1,1,1,1,0,0,0,0,0,0,1
2015,10,H3456,Health Plan 3,MD,High Cholesterol,0.77,0.75,0.78,3487,2,2,2,2,2,2,0,0,0,0,0,0,2
2015,10,H3456,Health Plan 3,ME,High Cholesterol,0.77,0.75,0.78,3487,1,0,1,0,1,0,1,0,0,0,0,0,0
2015,10,H3456,Health Plan 3,MO,High Blood Pressure,0.81,0.79,0.83,3487,2,2,2,2,2,2,0,0,0,0,0,0,2
2015,10,H3456,Health Plan 3,MO,High Cholesterol,0.77,0.75,0.78,3487,2,2,2,2,2,2,0,0,0,0,0,0,2
2015,10,H3456,Health Plan 3,OH,Diabetes,0.78,0.76,0.81,3487,5,0,5,0,5,0,5,0,0,0,0,0,0
2015,10,H3456,Health Plan 3,OH,High Blood Pressure,0.81,0.79,0.83,3487,8,4,8,3.8,8,3.8,4,0,0,0,0,4,0
2015,10,H3456,Health Plan 3,OH,High Cholesterol,0.77,0.75,0.78,3487,4,4,4,3.48,4,3.48,0,0,0,0,0,4,0
2015,10,H3456,Health Plan 3,PA,High Blood Pressure,0.81,0.79,0.83,3487,3,3,3,3,3,3,0,0,0,0,0,0,3
2015,10,H3456,Health Plan 3,PA,High Cholesterol,0.77,0.75,0.78,3487,2,2,2,2,2,2,0,0,0,0,0,0,2
2015,10,H3456,Health Plan 3,SC,High Blood Pressure,0.81,0.79,0.83,3487,3,3,3,3,3,3,0,0,0,0,0,0,3
2015,10,H3456,Health Plan 3,SC,High Cholesterol,0.77,0.75,0.78,3487,4,4,4,3.67,4,3.67,0,0,0,0,0,3,1
2015,10,H3456,Health Plan 3,WA,Diabetes,0.78,0.76,0.81,3487,2,0,2,0.34,2,0.34,0,2,0,0,0,0,0
2015,10,H3456,Health Plan 3,WA,High Blood Pressure,0.81,0.79,0.83,3487,2,0,2,0,2,0,2,0,0,0,0,0,0
2015,10,H3456,Health Plan 3,WA,High Cholesterol,0.77,0.75,0.78,3487,2,0,2,0,2,0,2,0,0,0,0,0,0
2015,10,H3456,Health Plan 3,WV,Diabetes,0.78,0.76,0.81,3487,674,522,674,510.28,674,510.28,105,12,15,22,45,128,347
2015,10,H3456,Health Plan 3,WV,High Blood Pressure,0.81,0.79,0.83,3487,2041,1632,2041,1608.53,2041,1608.53,283,43,38,29,104,406,1138
2015,10,H3456,Health Plan 3,WV,High Cholesterol,0.77,0.75,0.78,3487,1910,1422,1910,1374.73,1910,1374.73,384,31,48,47,97,369,934
2015,10,H4567,Health Plan 4,AR,Diabetes,0.82,0.76,0.81,56872,1,1,1,1,1,1,0,0,0,0,0,0,1
2015,10,H4567,Health Plan 4,AR,High Blood Pressure,0.83,0.79,0.83,56872,10,10,10,8.71,10,8.71,0,0,0,2,0,3,5
2015,10,H4567,Health Plan 4,AR,High Cholesterol,0.79,0.75,0.78,56872,7,4,7,3.84,7,3.84,3,0,0,0,0,2,2
2015,10,H4567,Health Plan 4,AZ,High Blood Pressure,0.83,0.79,0.83,56872,2,2,2,2,2,2,0,0,0,0,0,0,2
2015,10,H4567,Health Plan 4,AZ,High Cholesterol,0.79,0.75,0.78,56872,1,0,1,0,1,0,1,0,0,0,0,0,0
2015,10,H4567,Health Plan 4,CA,High Blood Pressure,0.83,0.79,0.83,56872,2,0,2,0.47,2,0.47,1,0,0,1,0,0,0
2015,10,H4567,Health Plan 4,CA,High Cholesterol,0.79,0.75,0.78,56872,3,1,3,1.94,3,1.94,1,0,0,0,0,1,1
2015,10,H4567,Health Plan 4,CO,High Blood Pressure,0.83,0.79,0.83,56872,9,6,9,4.8,9,4.8,3,0,0,0,4,0,2
2015,10,H4567,Health Plan 4,CO,High Cholesterol,0.79,0.75,0.78,56872,10,3,10,2.52,10,2.52,4,3,1,0,0,0,2
2015,10,H4567,Health Plan 4,FL,High Blood Pressure,0.83,0.79,0.83,56872,17,15,17,13.29,17,13.29,2,0,0,3,1,2,9
2015,10,H4567,Health Plan 4,FL,High Cholesterol,0.79,0.75,0.78,56872,11,7,11,8.32,11,8.32,1,0,2,0,0,3,5
2015,10,H4567,Health Plan 4,IL,Diabetes,0.82,0.76,0.81,56872,2237,1942,2237,1877.38,2237,1877.38,210,37,50,31,120,288,1501
2015,10,H4567,Health Plan 4,IL,High Blood Pressure,0.83,0.79,0.83,56872,7196,6297,7196,6054.9,7196,6054.9,665,94,147,100,375,1180,4635
2015,10,H4567,Health Plan 4,IL,High Cholesterol,0.79,0.75,0.78,56872,7556,6425,7556,6132.63,7556,6132.63,842,85,175,133,591,1287,4443
2015,10,H4567,Health Plan 4,IN,High Blood Pressure,0.83,0.79,0.83,56872,1,0,1,0,1,0,1,0,0,0,0,0,0
2015,10,H4567,Health Plan 4,IN,High Cholesterol,0.79,0.75,0.78,56872,3,2,3,2.9,3,2.9,0,0,0,0,0,1,2
2015,10,H4567,Health Plan 4,KS,Diabetes,0.82,0.76,0.81,56872,1,1,1,1,1,1,0,0,0,0,0,0,1
2015,10,H4567,Health Plan 4,KS,High Blood Pressure,0.83,0.79,0.83,56872,4,4,4,3.72,4,3.72,0,0,0,0,0,2,2
2015,10,H4567,Health Plan 4,KS,High Cholesterol,0.79,0.75,0.78,56872,6,6,6,5.78,6,5.78,0,0,0,0,0,2,4
2015,10,H4567,Health Plan 4,KY,Diabetes,0.82,0.76,0.81,56872,2,2,2,1.74,2,1.74,0,0,0,0,0,2,0
2015,10,H4567,Health Plan 4,KY,High Blood Pressure,0.83,0.79,0.83,56872,2,2,2,1.62,2,1.62,0,0,0,0,0,2,0
2015,10,H4567,Health Plan 4,LA,High Blood Pressure,0.83,0.79,0.83,56872,2,0,2,0,2,0,2,0,0,0,0,0,0
2015,10,H4567,Health Plan 4,MA,High Blood Pressure,0.83,0.79,0.83,56872,1,0,1,0,1,0,1,0,0,0,0,0,0
2015,10,H4567,Health Plan 4,MI,High Cholesterol,0.79,0.75,0.78,56872,1,1,1,1,1,1,0,0,0,0,0,0,1
2015,10,H4567,Health Plan 4,MN,High Blood Pressure,0.83,0.79,0.83,56872,1,1,1,1,1,1,0,0,0,0,0,0,1
2015,10,H4567,Health Plan 4,MN,High Cholesterol,0.79,0.75,0.78,56872,1,1,1,1,1,1,0,0,0,0,0,0,1
2015,10,H4567,Health Plan 4,MO,Diabetes,0.82,0.76,0.81,56872,7503,6170,7503,6027.65,7503,6027.65,1037,62,159,148,329,977,4791
2015,10,H4567,Health Plan 4,MO,High Blood Pressure,0.83,0.79,0.83,56872,24774,20810,24774,20306.68,24774,20306.68,3036,298,479,374,991,3461,16135
2015,10,H4567,Health Plan 4,MO,High Cholesterol,0.79,0.75,0.78,56872,24666,19986,24666,19469.46,24666,19469.46,3686,261,530,426,1116,3745,14902
2015,10,H4567,Health Plan 4,NC,High Cholesterol,0.79,0.75,0.78,56872,3,3,3,3,3,3,0,0,0,0,0,0,3
2015,10,H4567,Health Plan 4,NE,High Blood Pressure,0.83,0.79,0.83,56872,1,0,1,0,1,0,1,0,0,0,0,0,0
2015,10,H4567,Health Plan 4,NJ,High Blood Pressure,0.83,0.79,0.83,56872,2,2,2,1.92,2,1.92,0,0,0,0,0,2,0
2015,10,H4567,Health Plan 4,NJ,High Cholesterol,0.79,0.75,0.78,56872,2,2,2,1.92,2,1.92,0,0,0,0,0,2,0
2015,10,H4567,Health Plan 4,NM,High Cholesterol,0.79,0.75,0.78,56872,2,2,2,1.62,2,1.62,0,0,0,0,0,2,0
2015,10,H4567,Health Plan 4,NV,High Blood Pressure,0.83,0.79,0.83,56872,2,2,2,1.68,2,1.68,0,0,0,0,0,2,0
2015,10,H4567,Health Plan 4,OH,High Cholesterol,0.79,0.75,0.78,56872,2,2,2,2,2,2,0,0,0,0,0,0,2
2015,10,H4567,Health Plan 4,OK,Diabetes,0.82,0.76,0.81,56872,3,3,3,3,3,3,0,0,0,0,0,0,3
2015,10,H4567,Health Plan 4,OK,High Blood Pressure,0.83,0.79,0.83,56872,4,4,4,3.87,4,3.87,0,0,0,0,0,1,3
2015,10,H4567,Health Plan 4,OK,High Cholesterol,0.79,0.75,0.78,56872,3,3,3,3,3,3,0,0,0,0,0,0,3
2015,10,H4567,Health Plan 4,OR,High Cholesterol,0.79,0.75,0.78,56872,1,0,1,0,1,0,1,0,0,0,0,0,0
2015,10,H4567,Health Plan 4,PA,High Blood Pressure,0.83,0.79,0.83,56872,2,2,2,2,2,2,0,0,0,0,0,0,2
2015,10,H4567,Health Plan 4,PA,High Cholesterol,0.79,0.75,0.78,56872,6,6,6,4.36,6,4.36,0,0,0,4,0,0,2
2015,10,H4567,Health Plan 4,SC,High Blood Pressure,0.83,0.79,0.83,56872,1,1,1,1,1,1,0,0,0,0,0,0,1
2015,10,H4567,Health Plan 4,SC,High Cholesterol,0.79,0.75,0.78,56872,1,1,1,0.92,1,0.92,0,0,0,0,0,1,0
2015,10,H4567,Health Plan 4,TN,High Blood Pressure,0.83,0.79,0.83,56872,4,4,4,3.17,4,3.17,0,1,0,0,0,0,3
2015,10,H4567,Health Plan 4,TN,High Cholesterol,0.79,0.75,0.78,56872,5,5,5,5,5,5,0,0,0,0,0,0,5
2015,10,H4567,Health Plan 4,TX,Diabetes,0.82,0.76,0.81,56872,1,1,1,0.85,1,0.85,0,0,0,0,0,1,0
2015,10,H4567,Health Plan 4,TX,High Blood Pressure,0.83,0.79,0.83,56872,11,9,11,10.45,11,10.45,0,0,0,0,0,3,8
2015,10,H4567,Health Plan 4,TX,High Cholesterol,0.79,0.75,0.78,56872,8,4,8,4,8,4,4,0,0,0,0,0,4
2015,10,H4567,Health Plan 4,UT,Diabetes,0.82,0.76,0.81,56872,2,2,2,1.66,2,1.66,0,0,0,0,0,2,0
2015,10,H4567,Health Plan 4,UT,High Blood Pressure,0.83,0.79,0.83,56872,2,2,2,2,2,2,0,0,0,0,0,0,2
2015,10,H4567,Health Plan 4,VA,High Cholesterol,0.79,0.75,0.78,56872,1,0,1,0,1,0,1,0,0,0,0,0,0
2015,10,H4567,Health Plan 4,WA,High Blood Pressure,0.83,0.79,0.83,56872,1,1,1,1,1,1,0,0,0,0,0,0,1
2015,10,H4567,Health Plan 4,WA,High Cholesterol,0.79,0.75,0.78,56872,3,3,3,3,3,3,0,0,0,0,0,0,3
2015,10,H4567,Health Plan 4,WI,Diabetes,0.82,0.76,0.81,56872,4,4,4,3.89,4,3.89,0,0,0,0,0,1,3
2015,10,H4567,Health Plan 4,WI,High Blood Pressure,0.83,0.79,0.83,56872,4,4,4,3.94,4,3.94,0,0,0,0,0,1,3
2015,10,H4567,Health Plan 4,WI,High Cholesterol,0.79,0.75,0.78,56872,4,3,4,3.1,4,3.1,0,1,0,0,0,0,3
2015,11,H1234,Health Plan 1,AL,High Blood Pressure,0.81,0.79,0.83,3298,2,2,2,2,2,2,0,0,0,0,0,0,2
2015,11,H1234,Health Plan 1,AL,High Cholesterol,0.77,0.75,0.78,3298,2,2,2,2,2,2,0,0,0,0,0,0,2
2015,11,H1234,Health Plan 1,FL,High Blood Pressure,0.81,0.79,0.83,3298,2,2,2,2,2,2,0,0,0,0,0,0,2
2015,11,H1234,Health Plan 1,FL,High Cholesterol,0.77,0.75,0.78,3298,2,0,2,0,2,0,2,0,0,0,0,0,0
2015,11,H1234,Health Plan 1,GA,Diabetes,0.78,0.76,0.81,3298,906,690,906,675.28,906,675.28,192,12,12,36,8,0,646
2015,11,H1234,Health Plan 1,GA,High Blood Pressure,0.81,0.79,0.83,3298,2886,2330,2886,2309.3,2886,2309.3,498,8,42,52,56,4,2226
2015,11,H1234,Health Plan 1,GA,High Cholesterol,0.77,0.75,0.78,3298,2790,2100,2790,2068.98,2790,2068.98,618,10,56,60,82,0,1964
2015,11,H1234,Health Plan 1,NC,High Blood Pressure,0.81,0.79,0.83,3298,2,2,2,2,2,2,0,0,0,0,0,0,2
2015,11,H1234,Health Plan 1,NC,High Cholesterol,0.77,0.75,0.78,3298,2,2,2,2,2,2,0,0,0,0,0,0,2
2015,11,H1234,Health Plan 1,NY,High Blood Pressure,0.81,0.79,0.83,3298,2,2,2,2,2,2,0,0,0,0,0,0,2
2015,11,H2345,Health Plan 2,AR,High Cholesterol,0.8,0.75,0.78,30419,4,4,4,4,4,4,0,0,0,0,0,0,4
2015,11,H2345,Health Plan 2,AZ,High Blood Pressure,0.83,0.79,0.83,30419,30,30,30,28.84,30,28.84,0,0,0,2,0,0,28
2015,11,H2345,Health Plan 2,AZ,High Cholesterol,0.8,0.75,0.78,30419,34,20,34,16.76,34,16.76,10,4,0,4,6,0,10
2015,11,H2345,Health Plan 2,CA,High Blood Pressure,0.83,0.79,0.83,30419,4,4,4,4,4,4,0,0,0,0,0,0,4
2015,11,H2345,Health Plan 2,CA,High Cholesterol,0.8,0.75,0.78,30419,4,4,4,4,4,4,0,0,0,0,0,0,4
2015,11,H2345,Health Plan 2,CO,Diabetes,0.82,0.76,0.81,30419,2,2,2,2,2,2,0,0,0,0,0,0,2
2015,11,H2345,Health Plan 2,CO,High Blood Pressure,0.83,0.79,0.83,30419,2,2,2,2,2,2,0,0,0,0,0,0,2
2015,11,H2345,Health Plan 2,CO,High Cholesterol,0.8,0.75,0.78,30419,2,2,2,2,2,2,0,0,0,0,0,0,2
2015,11,H2345,Health Plan 2,FL,Diabetes,0.82,0.76,0.81,30419,4,4,4,4,4,4,0,0,0,0,0,0,4
2015,11,H2345,Health Plan 2,FL,High Blood Pressure,0.83,0.79,0.83,30419,32,28,32,26.2,32,26.2,4,0,0,0,6,0,22
2015,11,H2345,Health Plan 2,FL,High Cholesterol,0.8,0.75,0.78,30419,12,6,12,8,12,8,4,0,0,0,0,0,8
2015,11,H2345,Health Plan 2,GA,High Cholesterol,0.8,0.75,0.78,30419,4,4,4,4,4,4,0,0,0,0,0,0,4
2015,11,H2345,Health Plan 2,HI,High Cholesterol,0.8,0.75,0.78,30419,4,4,4,4,4,4,0,0,0,0,0,0,4
2015,11,H2345,Health Plan 2,IA,Diabetes,0.82,0.76,0.81,30419,8240,6894,8240,6803.32,8240,6803.32,1248,24,16,244,120,0,6588
2015,11,H2345,Health Plan 2,IA,High Blood Pressure,0.83,0.79,0.83,30419,27028,22900,27028,22722.6,27028,22722.6,3660,58,422,262,528,90,22008
2015,11,H2345,Health Plan 2,IA,High Cholesterol,0.8,0.75,0.78,30419,29576,24376,29576,24101,29576,24101,4664,98,388,484,668,74,23200
2015,11,H2345,Health Plan 2,ID,High Blood Pressure,0.83,0.79,0.83,30419,4,0,4,0,4,0,4,0,0,0,0,0,0
2015,11,H2345,Health Plan 2,IL,High Blood Pressure,0.83,0.79,0.83,30419,4,4,4,4,4,4,0,0,0,0,0,0,4
2015,11,H2345,Health Plan 2,IL,High Cholesterol,0.8,0.75,0.78,30419,10,10,10,10,10,10,0,0,0,0,0,0,10
2015,11,H2345,Health Plan 2,KS,Diabetes,0.82,0.76,0.81,30419,2,0,2,0,2,0,2,0,0,0,0,0,0
2015,11,H2345,Health Plan 2,KS,High Blood Pressure,0.83,0.79,0.83,30419,8,2,8,2,8,2,6,0,0,0,0,0,2
2015,11,H2345,Health Plan 2,KS,High Cholesterol,0.8,0.75,0.78,30419,4,0,4,0,4,0,4,0,0,0,0,0,0
2015,11,H2345,Health Plan 2,KY,High Blood Pressure,0.83,0.79,0.83,30419,4,0,4,0,4,0,4,0,0,0,0,0,0
2015,11,H2345,Health Plan 2,KY,High Cholesterol,0.8,0.75,0.78,30419,4,4,4,4,4,4,0,0,0,0,0,0,4
2015,11,H2345,Health Plan 2,MI,High Cholesterol,0.8,0.75,0.78,30419,4,4,4,4,4,4,0,0,0,0,0,0,4
2015,11,H2345,Health Plan 2,MN,High Cholesterol,0.8,0.75,0.78,30419,8,0,8,0,8,0,8,0,0,0,0,0,0
2015,11,H2345,Health Plan 2,MO,Diabetes,0.82,0.76,0.81,30419,4,0,4,4,4,4,0,0,0,0,0,0,4
2015,11,H2345,Health Plan 2,MO,High Blood Pressure,0.83,0.79,0.83,30419,4,2,4,2,4,2,2,0,0,0,0,0,2
2015,11,H2345,Health Plan 2,MO,High Cholesterol,0.8,0.75,0.78,30419,14,14,14,11.24,14,11.24,0,0,0,0,12,0,2
2015,11,H2345,Health Plan 2,MS,High Blood Pressure,0.83,0.79,0.83,30419,4,4,4,4,4,4,0,0,0,0,0,0,4
2015,11,H2345,Health Plan 2,NC,Diabetes,0.82,0.76,0.81,30419,2,0,2,0,2,0,2,0,0,0,0,0,0
2015,11,H2345,Health Plan 2,NC,High Cholesterol,0.8,0.75,0.78,30419,4,4,4,4,4,4,0,0,0,0,0,0,4
2015,11,H2345,Health Plan 2,NE,Diabetes,0.82,0.76,0.81,30419,14,8,14,6.48,14,6.48,6,0,0,0,4,0,4
2015,11,H2345,Health Plan 2,NE,High Blood Pressure,0.83,0.79,0.83,30419,36,34,36,30.48,36,30.48,2,0,4,2,0,0,28
2015,11,H2345,Health Plan 2,NE,High Cholesterol,0.8,0.75,0.78,30419,32,16,32,15.32,32,15.32,14,0,4,0,0,0,14
2015,11,H2345,Health Plan 2,NV,High Blood Pressure,0.83,0.79,0.83,30419,2,2,2,2,2,2,0,0,0,0,0,0,2
2015,11,H2345,Health Plan 2,NV,High Cholesterol,0.8,0.75,0.78,30419,2,2,2,2,2,2,0,0,0,0,0,0,2
2015,11,H2345,Health Plan 2,OK,Diabetes,0.82,0.76,0.81,30419,2,0,2,0,2,0,2,0,0,0,0,0,0
2015,11,H2345,Health Plan 2,OK,High Blood Pressure,0.83,0.79,0.83,30419,2,2,2,2,2,2,0,0,0,0,0,0,2
2015,11,H2345,Health Plan 2,OK,High Cholesterol,0.8,0.75,0.78,30419,4,4,4,4,4,4,0,0,0,0,0,0,4
2015,11,H2345,Health Plan 2,RI,High Blood Pressure,0.83,0.79,0.83,30419,4,0,4,0.6,4,0.6,0,4,0,0,0,0,0
2015,11,H2345,Health Plan 2,SC,High Blood Pressure,0.83,0.79,0.83,30419,4,0,4,0,4,0,4,0,0,0,0,0,0
2015,11,H2345,Health Plan 2,SC,High Cholesterol,0.8,0.75,0.78,30419,2,0,2,0,2,0,2,0,0,0,0,0,0
2015,11,H2345,Health Plan 2,SD,Diabetes,0.82,0.76,0.81,30419,486,408,486,397.56,486,397.56,72,6,0,22,0,0,386
2015,11,H2345,Health Plan 2,SD,High Blood Pressure,0.83,0.79,0.83,30419,1474,1266,1474,1242.54,1474,1242.54,194,4,22,14,40,0,1200
2015,11,H2345,Health Plan 2,SD,High Cholesterol,0.8,0.75,0.78,30419,1494,1270,1494,1268.92,1494,1268.92,196,2,14,14,32,6,1230
2015,11,H2345,Health Plan 2,TN,Diabetes,0.82,0.76,0.81,30419,2,2,2,2,2,2,0,0,0,0,0,0,2
2015,11,H2345,Health Plan 2,TN,High Blood Pressure,0.83,0.79,0.83,30419,2,2,2,2,2,2,0,0,0,0,0,0,2
2015,11,H2345,Health Plan 2,TN,High Cholesterol,0.8,0.75,0.78,30419,2,2,2,2,2,2,0,0,0,0,0,0,2
2015,11,H2345,Health Plan 2,TX,High Blood Pressure,0.83,0.79,0.83,30419,8,8,8,8,8,8,0,0,0,0,0,0,8
2015,11,H2345,Health Plan 2,TX,High Cholesterol,0.8,0.75,0.78,30419,20,14,20,14,20,14,6,0,0,0,0,0,14
2015,11,H2345,Health Plan 2,U,Diabetes,0.82,0.76,0.81,30419,6,6,6,6,6,6,0,0,0,0,0,0,6
2015,11,H2345,Health Plan 2,U,High Blood Pressure,0.83,0.79,0.83,30419,6,6,6,6,6,6,0,0,0,0,0,0,6
2015,11,H2345,Health Plan 2,U,High Cholesterol,0.8,0.75,0.78,30419,6,6,6,6,6,6,0,0,0,0,0,0,6
2015,11,H2345,Health Plan 2,WA,High Blood Pressure,0.83,0.79,0.83,30419,8,8,8,8,8,8,0,0,0,0,0,0,8
2015,11,H2345,Health Plan 2,WA,High Cholesterol,0.8,0.75,0.78,30419,4,4,4,4,4,4,0,0,0,0,0,0,4
2015,11,H2345,Health Plan 2,WI,High Blood Pressure,0.83,0.79,0.83,30419,6,6,6,6,6,6,0,0,0,0,0,0,6
2015,11,H2345,Health Plan 2,WI,High Cholesterol,0.8,0.75,0.78,30419,4,4,4,4,4,4,0,0,0,0,0,0,4
2015,11,H3456,Health Plan 3,AL,Diabetes,0.78,0.76,0.81,3487,2,2,2,2,2,2,0,0,0,0,0,0,2
2015,11,H3456,Health Plan 3,AL,High Cholesterol,0.77,0.75,0.78,3487,2,2,2,2,2,2,0,0,0,0,0,0,2
2015,11,H3456,Health Plan 3,FL,Diabetes,0.78,0.76,0.81,3487,4,4,4,4,4,4,0,0,0,0,0,0,4
2015,11,H3456,Health Plan 3,FL,High Blood Pressure,0.81,0.79,0.83,3487,4,2,4,2,4,2,2,0,0,0,0,0,2
2015,11,H3456,Health Plan 3,FL,High Cholesterol,0.77,0.75,0.78,3487,2,2,2,2,2,2,0,0,0,0,0,0,2
2015,11,H3456,Health Plan 3,ME,High Cholesterol,0.77,0.75,0.78,3487,2,0,2,0,2,0,2,0,0,0,0,0,0
2015,11,H3456,Health Plan 3,OH,Diabetes,0.78,0.76,0.81,3487,4,0,4,0,4,0,4,0,0,0,0,0,0
2015,11,H3456,Health Plan 3,OH,High Blood Pressure,0.81,0.79,0.83,3487,10,8,10,8,10,8,2,0,0,0,0,0,8
2015,11,H3456,Health Plan 3,OH,High Cholesterol,0.77,0.75,0.78,3487,8,8,8,8,8,8,0,0,0,0,0,0,8
2015,11,H3456,Health Plan 3,PA,High Blood Pressure,0.81,0.79,0.83,3487,4,4,4,4,4,4,0,0,0,0,0,0,4
2015,11,H3456,Health Plan 3,PA,High Cholesterol,0.77,0.75,0.78,3487,4,4,4,4,4,4,0,0,0,0,0,0,4
2015,11,H3456,Health Plan 3,SC,High Blood Pressure,0.81,0.79,0.83,3487,6,6,6,6,6,6,0,0,0,0,0,0,6
2015,11,H3456,Health Plan 3,SC,High Cholesterol,0.77,0.75,0.78,3487,8,8,8,8,8,8,0,0,0,0,0,0,8
2015,11,H3456,Health Plan 3,WA,Diabetes,0.78,0.76,0.81,3487,4,0,4,0,4,0,4,0,0,0,0,0,0
2015,11,H3456,Health Plan 3,WA,High Blood Pressure,0.81,0.79,0.83,3487,4,0,4,0,4,0,4,0,0,0,0,0,0
2015,11,H3456,Health Plan 3,WA,High Cholesterol,0.77,0.75,0.78,3487,4,0,4,0,4,0,4,0,0,0,0,0,0
2015,11,H3456,Health Plan 3,WV,Diabetes,0.78,0.76,0.81,3487,1362,1044,1362,1026.5,1362,1026.5,268,8,22,62,46,0,956
2015,11,H3456,Health Plan 3,WV,High Blood Pressure,0.81,0.79,0.83,3487,4132,3322,4132,3281.1,4132,3281.1,740,4,54,70,90,68,3106
2015,11,H3456,Health Plan 3,WV,High Cholesterol,0.77,0.75,0.78,3487,3860,2846,3860,2812.46,3860,2812.46,916,26,50,54,156,10,2648
2015,11,H4567,Health Plan 4,AR,Diabetes,0.82,0.76,0.81,56872,2,2,2,2,2,2,0,0,0,0,0,0,2
2015,11,H4567,Health Plan 4,AR,High Blood Pressure,0.83,0.79,0.83,56872,20,20,20,20,20,20,0,0,0,0,0,0,20
2015,11,H4567,Health Plan 4,AR,High Cholesterol,0.79,0.75,0.78,56872,12,6,12,6,12,6,6,0,0,0,0,0,6
2015,11,H4567,Health Plan 4,AZ,High Cholesterol,0.79,0.75,0.78,56872,2,0,2,0,2,0,2,0,0,0,0,0,0
2015,11,H4567,Health Plan 4,CA,High Cholesterol,0.79,0.75,0.78,56872,2,2,2,2,2,2,0,0,0,0,0,0,2
2015,11,H4567,Health Plan 4,CO,High Blood Pressure,0.83,0.79,0.83,56872,4,4,4,4,4,4,0,0,0,0,0,0,4
2015,11,H4567,Health Plan 4,CO,High Cholesterol,0.79,0.75,0.78,56872,6,4,6,4,6,4,2,0,0,0,0,0,4
2015,11,H4567,Health Plan 4,FL,High Blood Pressure,0.83,0.79,0.83,56872,26,20,26,20.38,26,20.38,4,2,0,0,0,0,20
2015,11,H4567,Health Plan 4,FL,High Cholesterol,0.79,0.75,0.78,56872,16,8,16,10,16,10,6,0,0,0,0,0,10
2015,11,H4567,Health Plan 4,IL,Diabetes,0.82,0.76,0.81,56872,4508,3854,4508,3828.18,4508,3828.18,570,36,18,98,46,2,3738
2015,11,H4567,Health Plan 4,IL,High Blood Pressure,0.83,0.79,0.83,56872,14436,12350,14436,12265.9,14436,12265.9,1868,58,178,134,188,10,12000
2015,11,H4567,Health Plan 4,IL,High Cholesterol,0.79,0.75,0.78,56872,15272,12766,15272,12601.2,15272,12601.2,2284,80,206,200,240,0,12262
2015,11,H4567,Health Plan 4,IN,High Blood Pressure,0.83,0.79,0.83,56872,4,2,4,2,4,2,2,0,0,0,0,0,2
2015,11,H4567,Health Plan 4,IN,High Cholesterol,0.79,0.75,0.78,56872,6,6,6,6,6,6,0,0,0,0,0,0,6
2015,11,H4567,Health Plan 4,KS,Diabetes,0.82,0.76,0.81,56872,2,2,2,2,2,2,0,0,0,0,0,0,2
2015,11,H4567,Health Plan 4,KS,High Blood Pressure,0.83,0.79,0.83,56872,8,8,8,8,8,8,0,0,0,0,0,0,8
2015,11,H4567,Health Plan 4,KS,High Cholesterol,0.79,0.75,0.78,56872,12,12,12,12,12,12,0,0,0,0,0,0,12
2015,11,H4567,Health Plan 4,KY,Diabetes,0.82,0.76,0.81,56872,4,4,4,4,4,4,0,0,0,0,0,0,4
2015,11,H4567,Health Plan 4,KY,High Blood Pressure,0.83,0.79,0.83,56872,4,4,4,4,4,4,0,0,0,0,0,0,4
2015,11,H4567,Health Plan 4,LA,High Blood Pressure,0.83,0.79,0.83,56872,4,0,4,0,4,0,4,0,0,0,0,0,0
2015,11,H4567,Health Plan 4,MA,High Blood Pressure,0.83,0.79,0.83,56872,2,0,2,0,2,0,2,0,0,0,0,0,0
2015,11,H4567,Health Plan 4,MI,High Cholesterol,0.79,0.75,0.78,56872,2,2,2,2,2,2,0,0,0,0,0,0,2
2015,11,H4567,Health Plan 4,MN,High Blood Pressure,0.83,0.79,0.83,56872,2,2,2,2,2,2,0,0,0,0,0,0,2
2015,11,H4567,Health Plan 4,MN,High Cholesterol,0.79,0.75,0.78,56872,2,2,2,2,2,2,0,0,0,0,0,0,2
2015,11,H4567,Health Plan 4,MO,Diabetes,0.82,0.76,0.81,56872,15108,12192,15108,12133.22,15108,12133.22,2584,46,128,428,146,6,11770
2015,11,H4567,Health Plan 4,MO,High Blood Pressure,0.83,0.79,0.83,56872,49842,41304,49842,40906.22,49842,40906.22,7698,142,728,584,1020,134,39536
2015,11,H4567,Health Plan 4,MO,High Cholesterol,0.79,0.75,0.78,56872,49800,39714,49800,39218.56,49800,39218.56,9142,156,736,834,1146,172,37614
2015,11,H4567,Health Plan 4,NC,High Cholesterol,0.79,0.75,0.78,56872,6,6,6,6,6,6,0,0,0,0,0,0,6
2015,11,H4567,Health Plan 4,NJ,High Blood Pressure,0.83,0.79,0.83,56872,4,4,4,4,4,4,0,0,0,0,0,0,4
2015,11,H4567,Health Plan 4,NJ,High Cholesterol,0.79,0.75,0.78,56872,4,4,4,4,4,4,0,0,0,0,0,0,4
2015,11,H4567,Health Plan 4,NM,High Cholesterol,0.79,0.75,0.78,56872,4,4,4,3.28,4,3.28,0,0,0,0,0,4,0
2015,11,H4567,Health Plan 4,NV,High Blood Pressure,0.83,0.79,0.83,56872,4,0,4,4,4,4,0,0,0,0,0,0,4
2015,11,H4567,Health Plan 4,OH,High Cholesterol,0.79,0.75,0.78,56872,4,4,4,4,4,4,0,0,0,0,0,0,4
2015,11,H4567,Health Plan 4,OK,Diabetes,0.82,0.76,0.81,56872,6,6,6,6,6,6,0,0,0,0,0,0,6
2015,11,H4567,Health Plan 4,OK,High Blood Pressure,0.83,0.79,0.83,56872,8,8,8,8,8,8,0,0,0,0,0,0,8
2015,11,H4567,Health Plan 4,OK,High Cholesterol,0.79,0.75,0.78,56872,6,6,6,6,6,6,0,0,0,0,0,0,6
2015,11,H4567,Health Plan 4,OR,High Cholesterol,0.79,0.75,0.78,56872,2,0,2,0,2,0,2,0,0,0,0,0,0
2015,11,H4567,Health Plan 4,PA,High Blood Pressure,0.83,0.79,0.83,56872,4,4,4,4,4,4,0,0,0,0,0,0,4
2015,11,H4567,Health Plan 4,PA,High Cholesterol,0.79,0.75,0.78,56872,12,4,12,4,12,4,8,0,0,0,0,0,4
2015,11,H4567,Health Plan 4,SC,High Blood Pressure,0.83,0.79,0.83,56872,2,2,2,2,2,2,0,0,0,0,0,0,2
2015,11,H4567,Health Plan 4,SC,High Cholesterol,0.79,0.75,0.78,56872,2,2,2,1.04,2,1.04,0,0,0,2,0,0,0
2015,11,H4567,Health Plan 4,TN,High Blood Pressure,0.83,0.79,0.83,56872,6,6,6,6,6,6,0,0,0,0,0,0,6
2015,11,H4567,Health Plan 4,TN,High Cholesterol,0.79,0.75,0.78,56872,10,10,10,10,10,10,0,0,0,0,0,0,10
2015,11,H4567,Health Plan 4,TX,Diabetes,0.82,0.76,0.81,56872,2,2,2,1.1,2,1.1,0,0,0,2,0,0,0
2015,11,H4567,Health Plan 4,TX,High Blood Pressure,0.83,0.79,0.83,56872,18,18,18,18,18,18,0,0,0,0,0,0,18
2015,11,H4567,Health Plan 4,TX,High Cholesterol,0.79,0.75,0.78,56872,8,4,8,4,8,4,4,0,0,0,0,0,4
2015,11,H4567,Health Plan 4,UT,Diabetes,0.82,0.76,0.81,56872,4,0,4,1.16,4,1.16,0,0,4,0,0,0,0
2015,11,H4567,Health Plan 4,UT,High Blood Pressure,0.83,0.79,0.83,56872,4,4,4,4,4,4,0,0,0,0,0,0,4
2015,11,H4567,Health Plan 4,WA,High Blood Pressure,0.83,0.79,0.83,56872,2,2,2,2,2,2,0,0,0,0,0,0,2
2015,11,H4567,Health Plan 4,WA,High Cholesterol,0.79,0.75,0.78,56872,6,6,6,6,6,6,0,0,0,0,0,0,6
2015,11,H4567,Health Plan 4,WI,Diabetes,0.82,0.76,0.81,56872,8,8,8,6.9,8,6.9,0,0,0,2,0,0,6
2015,11,H4567,Health Plan 4,WI,High Blood Pressure,0.83,0.79,0.83,56872,8,8,8,8,8,8,0,0,0,0,0,0,8
2015,11,H4567,Health Plan 4,WI,High Cholesterol,0.79,0.75,0.78,56872,8,6,8,8,8,8,0,0,0,0,0,0,8
2015,12,H1234,Health Plan 1,AL,High Blood Pressure,0.81,0.79,0.83,3298,2,2,2,2,2,2,0,0,0,0,0,0,2
2015,12,H1234,Health Plan 1,AL,High Cholesterol,0.77,0.75,0.78,3298,2,2,2,2,2,2,0,0,0,0,0,0,2
2015,12,H1234,Health Plan 1,FL,High Blood Pressure,0.81,0.79,0.83,3298,2,2,2,2,2,2,0,0,0,0,0,0,2
2015,12,H1234,Health Plan 1,FL,High Cholesterol,0.77,0.75,0.78,3298,2,0,2,0,2,0,2,0,0,0,0,0,0
2015,12,H1234,Health Plan 1,GA,Diabetes,0.78,0.76,0.81,3298,916,676,916,676.12,916,676.12,238,2,0,0,0,0,676
2015,12,H1234,Health Plan 1,GA,High Blood Pressure,0.81,0.79,0.83,3298,2902,2300,2902,2306.48,2902,2306.48,590,6,0,0,0,0,2306
2015,12,H1234,Health Plan 1,GA,High Cholesterol,0.77,0.75,0.78,3298,2810,2070,2810,2070.76,2810,2070.76,732,8,0,0,0,0,2070
2015,12,H1234,Health Plan 1,NC,High Blood Pressure,0.81,0.79,0.83,3298,2,2,2,2,2,2,0,0,0,0,0,0,2
2015,12,H1234,Health Plan 1,NC,High Cholesterol,0.77,0.75,0.78,3298,2,2,2,2,2,2,0,0,0,0,0,0,2
2015,12,H1234,Health Plan 1,NY,High Blood Pressure,0.81,0.79,0.83,3298,2,2,2,2,2,2,0,0,0,0,0,0,2
2015,12,H2345,Health Plan 2,AZ,High Blood Pressure,0.83,0.79,0.83,30419,30,28,30,28,30,28,2,0,0,0,0,0,28
2015,12,H2345,Health Plan 2,AZ,High Cholesterol,0.8,0.75,0.78,30419,34,20,34,20,34,20,14,0,0,0,0,0,20
2015,12,H2345,Health Plan 2,CA,High Blood Pressure,0.83,0.79,0.83,30419,4,4,4,4,4,4,0,0,0,0,0,0,4
2015,12,H2345,Health Plan 2,CA,High Cholesterol,0.8,0.75,0.78,30419,4,4,4,4,4,4,0,0,0,0,0,0,4
2015,12,H2345,Health Plan 2,CO,High Cholesterol,0.8,0.75,0.78,30419,2,2,2,2,2,2,0,0,0,0,0,0,2
2015,12,H2345,Health Plan 2,FL,Diabetes,0.82,0.76,0.81,30419,4,4,4,4,4,4,0,0,0,0,0,0,4
2015,12,H2345,Health Plan 2,FL,High Blood Pressure,0.83,0.79,0.83,30419,32,28,32,28,32,28,4,0,0,0,0,0,28
2015,12,H2345,Health Plan 2,FL,High Cholesterol,0.8,0.75,0.78,30419,8,8,8,8,8,8,0,0,0,0,0,0,8
2015,12,H2345,Health Plan 2,GA,High Cholesterol,0.8,0.75,0.78,30419,4,4,4,4,4,4,0,0,0,0,0,0,4
2015,12,H2345,Health Plan 2,HI,High Cholesterol,0.8,0.75,0.78,30419,4,4,4,4,4,4,0,0,0,0,0,0,4
2015,12,H2345,Health Plan 2,IA,Diabetes,0.82,0.76,0.81,30419,8256,6832,8256,6836.34,8256,6836.34,1408,12,0,0,0,0,6836
2015,12,H2345,Health Plan 2,IA,High Blood Pressure,0.83,0.79,0.83,30419,27136,22830,27136,22819.42,27136,22819.42,4264,54,2,0,0,0,22816
2015,12,H2345,Health Plan 2,IA,High Cholesterol,0.8,0.75,0.78,30419,29738,24214,29738,24217.74,29738,24217.74,5460,60,4,0,0,0,24214
2015,12,H2345,Health Plan 2,ID,High Blood Pressure,0.83,0.79,0.83,30419,4,0,4,0,4,0,4,0,0,0,0,0,0
2015,12,H2345,Health Plan 2,IL,High Blood Pressure,0.83,0.79,0.83,30419,4,4,4,4,4,4,0,0,0,0,0,0,4
2015,12,H2345,Health Plan 2,IL,High Cholesterol,0.8,0.75,0.78,30419,10,10,10,10,10,10,0,0,0,0,0,0,10
2015,12,H2345,Health Plan 2,KS,Diabetes,0.82,0.76,0.81,30419,2,0,2,0,2,0,2,0,0,0,0,0,0
2015,12,H2345,Health Plan 2,KS,High Blood Pressure,0.83,0.79,0.83,30419,8,2,8,2,8,2,6,0,0,0,0,0,2
2015,12,H2345,Health Plan 2,KS,High Cholesterol,0.8,0.75,0.78,30419,4,0,4,0,4,0,4,0,0,0,0,0,0
2015,12,H2345,Health Plan 2,KY,High Blood Pressure,0.83,0.79,0.83,30419,4,0,4,0,4,0,4,0,0,0,0,0,0
2015,12,H2345,Health Plan 2,KY,High Cholesterol,0.8,0.75,0.78,30419,4,4,4,4,4,4,0,0,0,0,0,0,4
2015,12,H2345,Health Plan 2,MN,High Cholesterol,0.8,0.75,0.78,30419,8,0,8,0,8,0,8,0,0,0,0,0,0
2015,12,H2345,Health Plan 2,MO,High Blood Pressure,0.83,0.79,0.83,30419,4,2,4,2,4,2,2,0,0,0,0,0,2
2015,12,H2345,Health Plan 2,MO,High Cholesterol,0.8,0.75,0.78,30419,14,10,14,10,14,10,4,0,0,0,0,0,10
2015,12,H2345,Health Plan 2,NE,Diabetes,0.82,0.76,0.81,30419,12,8,12,8,12,8,4,0,0,0,0,0,8
2015,12,H2345,Health Plan 2,NE,High Blood Pressure,0.83,0.79,0.83,30419,38,36,38,36,38,36,2,0,0,0,0,0,36
2015,12,H2345,Health Plan 2,NE,High Cholesterol,0.8,0.75,0.78,30419,30,16,30,16,30,16,14,0,0,0,0,0,16
2015,12,H2345,Health Plan 2,NV,High Blood Pressure,0.83,0.79,0.83,30419,2,2,2,2,2,2,0,0,0,0,0,0,2
2015,12,H2345,Health Plan 2,NV,High Cholesterol,0.8,0.75,0.78,30419,2,2,2,2,2,2,0,0,0,0,0,0,2
2015,12,H2345,Health Plan 2,OK,Diabetes,0.82,0.76,0.81,30419,2,0,2,0,2,0,2,0,0,0,0,0,0
2015,12,H2345,Health Plan 2,OK,High Blood Pressure,0.83,0.79,0.83,30419,2,2,2,2,2,2,0,0,0,0,0,0,2
2015,12,H2345,Health Plan 2,OK,High Cholesterol,0.8,0.75,0.78,30419,4,4,4,4,4,4,0,0,0,0,0,0,4
2015,12,H2345,Health Plan 2,SC,High Blood Pressure,0.83,0.79,0.83,30419,4,0,4,0,4,0,4,0,0,0,0,0,0
2015,12,H2345,Health Plan 2,SD,Diabetes,0.82,0.76,0.81,30419,498,402,498,402,498,402,96,0,0,0,0,0,402
2015,12,H2345,Health Plan 2,SD,High Blood Pressure,0.83,0.79,0.83,30419,1492,1262,1492,1258.76,1492,1258.76,230,2,2,0,0,0,1258
2015,12,H2345,Health Plan 2,SD,High Cholesterol,0.8,0.75,0.78,30419,1520,1288,1520,1286.04,1520,1286.04,232,2,0,0,0,0,1286
2015,12,H2345,Health Plan 2,TX,High Blood Pressure,0.83,0.79,0.83,30419,12,12,12,12,12,12,0,0,0,0,0,0,12
2015,12,H2345,Health Plan 2,TX,High Cholesterol,0.8,0.75,0.78,30419,24,18,24,18,24,18,6,0,0,0,0,0,18
2015,12,H2345,Health Plan 2,U,Diabetes,0.82,0.76,0.81,30419,6,6,6,6,6,6,0,0,0,0,0,0,6
2015,12,H2345,Health Plan 2,U,High Blood Pressure,0.83,0.79,0.83,30419,6,6,6,6,6,6,0,0,0,0,0,0,6
2015,12,H2345,Health Plan 2,U,High Cholesterol,0.8,0.75,0.78,30419,6,6,6,6,6,6,0,0,0,0,0,0,6
2015,12,H2345,Health Plan 2,WA,High Blood Pressure,0.83,0.79,0.83,30419,8,8,8,8,8,8,0,0,0,0,0,0,8
2015,12,H2345,Health Plan 2,WA,High Cholesterol,0.8,0.75,0.78,30419,4,4,4,4,4,4,0,0,0,0,0,0,4
2015,12,H2345,Health Plan 2,WI,High Blood Pressure,0.83,0.79,0.83,30419,6,6,6,6,6,6,0,0,0,0,0,0,6
2015,12,H2345,Health Plan 2,WI,High Cholesterol,0.8,0.75,0.78,30419,4,4,4,4,4,4,0,0,0,0,0,0,4
2015,12,H3456,Health Plan 3,AL,Diabetes,0.78,0.76,0.81,3487,2,2,2,2,2,2,0,0,0,0,0,0,2
2015,12,H3456,Health Plan 3,AL,High Cholesterol,0.77,0.75,0.78,3487,2,2,2,2,2,2,0,0,0,0,0,0,2
2015,12,H3456,Health Plan 3,FL,Diabetes,0.78,0.76,0.81,3487,2,2,2,2,2,2,0,0,0,0,0,0,2
2015,12,H3456,Health Plan 3,FL,High Blood Pressure,0.81,0.79,0.83,3487,2,2,2,2,2,2,0,0,0,0,0,0,2
2015,12,H3456,Health Plan 3,OH,High Blood Pressure,0.81,0.79,0.83,3487,2,0,2,0,2,0,2,0,0,0,0,0,0
2015,12,H3456,Health Plan 3,OH,High Cholesterol,0.77,0.75,0.78,3487,4,4,4,4,4,4,0,0,0,0,0,0,4
2015,12,H3456,Health Plan 3,PA,High Blood Pressure,0.81,0.79,0.83,3487,4,4,4,4,4,4,0,0,0,0,0,0,4
2015,12,H3456,Health Plan 3,PA,High Cholesterol,0.77,0.75,0.78,3487,4,4,4,4,4,4,0,0,0,0,0,0,4
2015,12,H3456,Health Plan 3,SC,High Blood Pressure,0.81,0.79,0.83,3487,6,6,6,6,6,6,0,0,0,0,0,0,6
2015,12,H3456,Health Plan 3,SC,High Cholesterol,0.77,0.75,0.78,3487,2,2,2,2,2,2,0,0,0,0,0,0,2
2015,12,H3456,Health Plan 3,WA,Diabetes,0.78,0.76,0.81,3487,4,0,4,0,4,0,4,0,0,0,0,0,0
2015,12,H3456,Health Plan 3,WA,High Blood Pressure,0.81,0.79,0.83,3487,4,0,4,0,4,0,4,0,0,0,0,0,0
2015,12,H3456,Health Plan 3,WA,High Cholesterol,0.77,0.75,0.78,3487,4,0,4,0,4,0,4,0,0,0,0,0,0
2015,12,H3456,Health Plan 3,WV,Diabetes,0.78,0.76,0.81,3487,1346,998,1346,998.56,1346,998.56,340,8,0,0,0,0,998
2015,12,H3456,Health Plan 3,WV,High Blood Pressure,0.81,0.79,0.83,3487,4116,3258,4116,3258.52,4116,3258.52,848,10,0,0,0,0,3258
2015,12,H3456,Health Plan 3,WV,High Cholesterol,0.77,0.75,0.78,3487,3872,2848,3872,2844.8,3872,2844.8,1018,8,2,0,0,0,2844
2015,12,H4567,Health Plan 4,AR,Diabetes,0.82,0.76,0.81,56872,2,2,2,2,2,2,0,0,0,0,0,0,2
2015,12,H4567,Health Plan 4,AR,High Blood Pressure,0.83,0.79,0.83,56872,16,16,16,16,16,16,0,0,0,0,0,0,16
2015,12,H4567,Health Plan 4,AR,High Cholesterol,0.79,0.75,0.78,56872,8,2,8,2,8,2,6,0,0,0,0,0,2
2015,12,H4567,Health Plan 4,AZ,High Cholesterol,0.79,0.75,0.78,56872,2,0,2,0,2,0,2,0,0,0,0,0,0
2015,12,H4567,Health Plan 4,CA,High Cholesterol,0.79,0.75,0.78,56872,2,2,2,2,2,2,0,0,0,0,0,0,2
2015,12,H4567,Health Plan 4,CO,High Cholesterol,0.79,0.75,0.78,56872,2,2,2,2,2,2,0,0,0,0,0,0,2
2015,12,H4567,Health Plan 4,FL,High Blood Pressure,0.83,0.79,0.83,56872,26,20,26,20,26,20,6,0,0,0,0,0,20
2015,12,H4567,Health Plan 4,FL,High Cholesterol,0.79,0.75,0.78,56872,16,10,16,10,16,10,6,0,0,0,0,0,10
2015,12,H4567,Health Plan 4,IL,Diabetes,0.82,0.76,0.81,56872,4606,3886,4606,3876.8,4606,3876.8,714,16,0,0,0,0,3876
2015,12,H4567,Health Plan 4,IL,High Blood Pressure,0.83,0.79,0.83,56872,14814,12524,14814,12521.56,14814,12521.56,2270,24,0,0,0,0,12520
2015,12,H4567,Health Plan 4,IL,High Cholesterol,0.79,0.75,0.78,56872,15670,12882,15670,12864.48,15670,12864.48,2772,32,4,0,0,0,12862
2015,12,H4567,Health Plan 4,IN,High Blood Pressure,0.83,0.79,0.83,56872,4,2,4,2,4,2,2,0,0,0,0,0,2
2015,12,H4567,Health Plan 4,IN,High Cholesterol,0.79,0.75,0.78,56872,6,6,6,6,6,6,0,0,0,0,0,0,6
2015,12,H4567,Health Plan 4,KS,Diabetes,0.82,0.76,0.81,56872,2,2,2,2,2,2,0,0,0,0,0,0,2
2015,12,H4567,Health Plan 4,KS,High Blood Pressure,0.83,0.79,0.83,56872,8,8,8,8,8,8,0,0,0,0,0,0,8
2015,12,H4567,Health Plan 4,KS,High Cholesterol,0.79,0.75,0.78,56872,8,8,8,8,8,8,0,0,0,0,0,0,8
2015,12,H4567,Health Plan 4,KY,Diabetes,0.82,0.76,0.81,56872,4,4,4,4,4,4,0,0,0,0,0,0,4
2015,12,H4567,Health Plan 4,KY,High Blood Pressure,0.83,0.79,0.83,56872,4,4,4,4,4,4,0,0,0,0,0,0,4
2015,12,H4567,Health Plan 4,LA,High Blood Pressure,0.83,0.79,0.83,56872,4,0,4,0,4,0,4,0,0,0,0,0,0
2015,12,H4567,Health Plan 4,MA,High Blood Pressure,0.83,0.79,0.83,56872,2,0,2,0,2,0,2,0,0,0,0,0,0
2015,12,H4567,Health Plan 4,MI,High Cholesterol,0.79,0.75,0.78,56872,2,2,2,2,2,2,0,0,0,0,0,0,2
2015,12,H4567,Health Plan 4,MN,High Blood Pressure,0.83,0.79,0.83,56872,2,2,2,2,2,2,0,0,0,0,0,0,2
2015,12,H4567,Health Plan 4,MN,High Cholesterol,0.79,0.75,0.78,56872,2,2,2,2,2,2,0,0,0,0,0,0,2
2015,12,H4567,Health Plan 4,MO,Diabetes,0.82,0.76,0.81,56872,15072,12044,15072,12062.64,15072,12062.64,2992,18,0,0,0,0,12062
2015,12,H4567,Health Plan 4,MO,High Blood Pressure,0.83,0.79,0.83,56872,49992,40870,49992,40883.02,49992,40883.02,8972,142,6,0,0,0,40872
2015,12,H4567,Health Plan 4,MO,High Cholesterol,0.79,0.75,0.78,56872,50102,39352,50102,39349.62,50102,39349.62,10638,108,14,0,0,0,39342
2015,12,H4567,Health Plan 4,NC,High Cholesterol,0.79,0.75,0.78,56872,6,6,6,6,6,6,0,0,0,0,0,0,6
2015,12,H4567,Health Plan 4,NJ,High Blood Pressure,0.83,0.79,0.83,56872,4,4,4,4,4,4,0,0,0,0,0,0,4
2015,12,H4567,Health Plan 4,NJ,High Cholesterol,0.79,0.75,0.78,56872,4,4,4,4,4,4,0,0,0,0,0,0,4
2015,12,H4567,Health Plan 4,NM,High Cholesterol,0.79,0.75,0.78,56872,4,0,4,0,4,0,4,0,0,0,0,0,0
2015,12,H4567,Health Plan 4,NV,High Blood Pressure,0.83,0.79,0.83,56872,4,4,4,4,4,4,0,0,0,0,0,0,4
2015,12,H4567,Health Plan 4,OH,High Cholesterol,0.79,0.75,0.78,56872,4,4,4,4,4,4,0,0,0,0,0,0,4
2015,12,H4567,Health Plan 4,OK,Diabetes,0.82,0.76,0.81,56872,6,6,6,6,6,6,0,0,0,0,0,0,6
2015,12,H4567,Health Plan 4,OK,High Blood Pressure,0.83,0.79,0.83,56872,8,8,8,8,8,8,0,0,0,0,0,0,8
2015,12,H4567,Health Plan 4,OK,High Cholesterol,0.79,0.75,0.78,56872,6,6,6,6,6,6,0,0,0,0,0,0,6
2015,12,H4567,Health Plan 4,OR,High Cholesterol,0.79,0.75,0.78,56872,2,0,2,0,2,0,2,0,0,0,0,0,0
2015,12,H4567,Health Plan 4,PA,High Blood Pressure,0.83,0.79,0.83,56872,4,4,4,4,4,4,0,0,0,0,0,0,4
2015,12,H4567,Health Plan 4,PA,High Cholesterol,0.79,0.75,0.78,56872,12,4,12,4,12,4,8,0,0,0,0,0,4
2015,12,H4567,Health Plan 4,SC,High Blood Pressure,0.83,0.79,0.83,56872,2,2,2,2,2,2,0,0,0,0,0,0,2
2015,12,H4567,Health Plan 4,SC,High Cholesterol,0.79,0.75,0.78,56872,2,2,2,2,2,2,0,0,0,0,0,0,2
2015,12,H4567,Health Plan 4,TN,High Blood Pressure,0.83,0.79,0.83,56872,6,6,6,6,6,6,0,0,0,0,0,0,6
2015,12,H4567,Health Plan 4,TN,High Cholesterol,0.79,0.75,0.78,56872,10,10,10,10,10,10,0,0,0,0,0,0,10
2015,12,H4567,Health Plan 4,TX,Diabetes,0.82,0.76,0.81,56872,2,2,2,2,2,2,0,0,0,0,0,0,2
2015,12,H4567,Health Plan 4,TX,High Blood Pressure,0.83,0.79,0.83,56872,18,18,18,18,18,18,0,0,0,0,0,0,18
2015,12,H4567,Health Plan 4,TX,High Cholesterol,0.79,0.75,0.78,56872,8,0,8,0,8,0,8,0,0,0,0,0,0
2015,12,H4567,Health Plan 4,UT,Diabetes,0.82,0.76,0.81,56872,4,0,4,0,4,0,4,0,0,0,0,0,0
2015,12,H4567,Health Plan 4,UT,High Blood Pressure,0.83,0.79,0.83,56872,4,4,4,4,4,4,0,0,0,0,0,0,4
2015,12,H4567,Health Plan 4,WA,High Blood Pressure,0.83,0.79,0.83,56872,2,2,2,2,2,2,0,0,0,0,0,0,2
2015,12,H4567,Health Plan 4,WA,High Cholesterol,0.79,0.75,0.78,56872,6,6,6,6,6,6,0,0,0,0,0,0,6
2015,12,H4567,Health Plan 4,WI,Diabetes,0.82,0.76,0.81,56872,8,6,8,6,8,6,2,0,0,0,0,0,6
2015,12,H4567,Health Plan 4,WI,High Blood Pressure,0.83,0.79,0.83,56872,8,8,8,8,8,8,0,0,0,0,0,0,8
2015,12,H4567,Health Plan 4,WI,High Cholesterol,0.79,0.75,0.78,56872,8,8,8,8,8,8,0,0,0,0,0,0,8
